2014-11-01,3.3673,,,,
2014-10-31,3.3416,,,,
2014-10-30,3.3143,,,,
2014-10-29,3.3206,,,,
2014-10-28,3.3224,,,,
2014-10-27,3.3192,,,,
2014-10-26,3.3247,,,,
2014-10-25,3.3348,,,,
2014-10-24,3.3438,,,,
2014-10-23,3.3274,,,,
2014-10-22,3.3048,,,,
2014-10-21,3.3051,,,,
2014-10-20,3.3058,,,,
2014-10-19,3.3057,,,,
2014-10-18,3.3037,,,,
2014-10-17,3.2989,,,,
2014-10-16,3.3139,,,,
2014-10-15,3.3076,,,,
2014-10-14,3.3039,,,,
2014-10-13,3.3068,,,,
2014-10-12,3.3155,,,,
2014-10-11,3.3017,,,,
2014-10-10,3.2810,,,,
2014-10-09,3.3039,,,,
2014-10-08,3.3090,,,,
2014-10-07,3.3331,,,,
2014-10-06,3.3472,,,,
2014-10-05,3.3483,,,,
2014-10-04,3.3159,,,,
2014-10-03,3.3017,,,,
2014-10-02,3.3115,,,,
2014-10-01,3.3011,,,,
2014-09-30,3.2952,,,,
2014-09-29,3.2447,,,,
2014-09-28,3.2642,,,,
2014-09-27,3.2838,,,,
2014-09-26,3.2744,,,,
2014-09-25,3.2518,,,,
2014-09-24,3.2475,,,,
2014-09-23,3.2546,,,,
2014-09-22,3.2576,,,,
2014-09-21,3.2587,,,,
2014-09-20,3.2530,,,,
2014-09-19,3.2538,,,,
2014-09-18,3.2325,,,,
2014-09-17,3.2382,,,,
2014-09-16,3.2433,,,,
2014-09-15,3.1896,,,,
2014-09-14,3.2058,,,,
2014-09-13,3.2438,,,,
2014-09-12,3.2448,,,,
2014-09-11,3.2493,,,,
2014-09-10,3.2495,,,,
2014-09-09,3.2285,,,,
2014-09-08,3.2239,,,,
2014-09-07,3.2242,,,,
2014-09-06,3.2330,,,,
2014-09-05,3.2058,,,,
2014-09-04,3.1967,,,,
2014-09-03,3.2053,,,,
2014-09-02,3.2032,,,,
2014-09-01,3.2046,,,,
2014-08-31,3.2026,,,,
2014-08-30,3.2017,,,,
2014-08-29,3.1898,,,,
2014-08-28,3.1791,,,,
2014-08-27,3.1708,,,,
2014-08-26,3.1679,,,,
2014-08-25,3.1646,,,,
2014-08-24,3.1606,,,,
2014-08-23,3.1538,,,,
2014-08-22,3.1560,,,,
2014-08-21,3.1466,,,,
2014-08-20,3.1357,,,,
2014-08-19,3.1318,,,,
2014-08-18,3.1373,,,,
2014-08-17,3.1376,,,,
2014-08-16,3.1270,,,,
2014-08-15,3.1281,,,,
2014-08-14,3.1377,,,,
2014-08-13,3.1418,,,,
2014-08-12,3.1312,,,,
2014-08-11,3.1298,,,,
2014-08-10,3.1283,,,,
2014-08-09,3.1445,,,,
2014-08-08,3.1410,,,,
2014-08-07,3.1371,,,,
2014-08-06,3.1158,,,,
2014-08-05,3.1109,,,,
2014-08-04,3.1136,,,,
2014-08-03,3.1145,,,,
2014-08-02,3.1195,,,,
2014-08-01,3.1094,,,,
2014-07-31,3.0984,,,,
2014-07-30,3.0884,,,,
2014-07-29,3.0834,,,,
2014-07-28,3.0806,,,,
2014-07-27,3.0859,,,,
2014-07-26,3.0786,,,,
2014-07-25,3.0724,,,,
2014-07-24,3.0712,,,,
2014-07-23,3.0689,,,,
2014-07-22,3.0654,,,,
2014-07-21,3.0602,,,,
2014-07-20,3.0660,,,,
2014-07-19,3.0690,,,,
2014-07-18,3.0602,,,,
2014-07-17,3.0511,,,,
2014-07-16,3.0422,,,,
2014-07-15,3.0398,,,,
2014-07-14,3.0419,,,,
2014-07-13,3.0420,,,,
2014-07-12,3.0425,,,,
2014-07-11,3.0327,,,,
2014-07-10,3.0287,,,,
2014-07-09,3.0408,,,,
2014-07-08,3.0489,,,,
2014-07-07,3.0507,,,,
2014-07-06,3.0507,,,,
2014-07-05,3.0465,,,,
2014-07-04,3.0384,,,,
2014-07-03,3.0381,,,,
2014-07-02,3.0370,,,,
2014-07-01,3.0414,,,,
2014-06-30,3.0404,,,,
2014-06-29,3.0402,,,,
2014-06-28,3.0470,,,,
2014-06-27,3.0411,,,,
2014-06-26,3.0456,,,,
2014-06-25,3.0550,,,,
2014-06-24,3.0602,,,,
2014-06-23,3.0612,,,,
2014-06-22,3.0619,,,,
2014-06-21,3.0543,,,,
2014-06-20,3.0351,,,,
2014-06-19,3.0530,,,,
2014-06-18,3.0532,,,,
2014-06-17,3.0549,,,,
2014-06-16,3.0418,,,,
2014-06-15,3.0410,,,,
2014-06-14,3.0393,,,,
2014-06-13,3.0333,,,,
2014-06-12,3.0353,,,,
2014-06-11,3.0253,,,,
2014-06-10,3.0075,,,,
2014-06-09,3.0007,,,,
2014-06-08,3.0017,,,,
2014-06-07,3.0149,,,,
2014-06-06,3.0315,,,,
2014-06-05,3.0437,,,,
2014-06-04,3.0448,,,,
2014-06-03,3.0393,,,,
2014-06-02,3.0368,,,,
2014-06-01,3.0388,,,,
2014-05-31,3.0393,,,,
2014-05-30,3.0472,,,,
2014-05-29,3.0545,,,,
2014-05-28,3.0500,,,,
2014-05-27,3.0478,,,,
2014-05-26,3.0456,,,,
2014-05-25,3.0448,,,,
2014-05-24,3.0472,,,,
2014-05-23,3.0514,,,,
2014-05-22,3.0518,,,,
2014-05-21,3.0559,,,,
2014-05-20,3.0541,,,,
2014-05-19,3.0145,,,,
2014-05-18,3.0588,,,,
2014-05-17,3.0564,,,,
2014-05-16,3.0552,,,,
2014-05-15,3.0514,,,,
2014-05-14,3.0432,,,,
2014-05-13,3.0367,,,,
2014-05-12,3.0381,,,,
2014-05-11,3.0373,,,,
2014-05-10,3.0269,,,,
2014-05-09,3.0105,,,,
2014-05-08,3.0122,,,,
2014-05-07,3.0205,,,,
2014-05-06,3.0300,,,,
2014-05-05,3.0288,,,,
2014-05-04,3.0286,,,,
2014-05-03,3.0284,,,,
2014-05-02,3.0255,,,,
2014-05-01,3.0331,,,,
2014-04-30,3.0348,,,,
2014-04-29,3.0379,,,,
2014-04-28,3.0431,,,,
2014-04-27,3.0434,,,,
2014-04-26,3.0364,,,,
2014-04-25,3.0313,,,,
2014-04-24,3.0310,,,,
2014-04-23,3.0317,,,,
2014-04-22,3.0266,,,,
2014-04-21,3.0037,,,,
2014-04-20,3.0267,,,,
2014-04-19,3.0259,,,,
2014-04-18,3.0268,,,,
2014-04-17,3.0289,,,,
2014-04-16,3.0283,,,,
2014-04-15,3.0233,,,,
2014-04-14,3.0126,,,,
2014-04-13,2.9852,,,,
2014-04-12,3.0061,,,,
2014-04-11,3.0050,,,,
2014-04-10,3.0179,,,,
2014-04-09,3.0268,,,,
2014-04-08,3.0368,,,,
2014-04-07,2.9926,,,,
2014-04-06,3.0364,,,,
2014-04-05,3.0363,,,,
2014-04-04,3.0304,,,,
2014-04-03,3.0253,,,,
2014-04-02,3.0242,,,,
2014-04-01,3.0272,,,,
2014-03-31,2.9873,,,,
2014-03-30,3.0317,,,,
2014-03-29,3.0319,,,,
2014-03-28,3.0311,,,,
2014-03-27,3.0307,,,,
2014-03-26,3.0341,,,,
2014-03-25,3.0403,,,,
2014-03-24,3.0396,,,,
2014-03-23,3.0412,,,,
2014-03-22,3.0431,,,,
2014-03-21,3.0446,,,,
2014-03-20,3.0213,,,,
2014-03-19,3.0305,,,,
2014-03-18,3.0349,,,,
2014-03-17,2.9970,,,,
2014-03-16,3.0362,,,,
2014-03-15,3.0499,,,,
2014-03-14,3.0357,,,,
2014-03-13,3.0442,,,,
2014-03-12,3.0393,,,,
2014-03-11,3.0288,,,,
2014-03-10,2.9766,,,,
2014-03-09,3.0296,,,,
2014-03-08,3.0190,,,,
2014-03-07,3.0343,,,,
2014-03-06,3.0461,,,,
2014-03-05,3.0540,,,,
2014-03-04,3.0453,,,,
2014-03-03,2.9760,,,,
2014-03-02,3.0122,,,,
2014-03-01,3.0241,,,,
2014-02-28,3.0502,,,,
2014-02-27,3.0321,,,,
2014-02-26,3.0227,,,,
2014-02-25,3.0236,,,,
2014-02-24,2.9850,,,,
2014-02-23,3.0220,,,,
2014-02-22,3.0322,,,,
2014-02-21,3.0383,,,,
2014-02-20,3.0231,,,,
2014-02-19,3.0205,,,,
2014-02-18,3.0232,,,,
2014-02-17,3.0223,,,,
2014-02-16,3.0258,,,,
2014-02-15,3.0330,,,,
2014-02-14,3.0506,,,,
2014-02-13,3.0595,,,,
2014-02-12,3.0583,,,,
2014-02-11,3.0638,,,,
2014-02-10,3.0446,,,,
2014-02-09,3.0489,,,,
2014-02-08,3.0739,,,,
2014-02-07,3.0883,,,,
2014-02-06,3.1039,,,,
2014-02-05,3.1247,,,,
2014-02-04,3.1423,,,,
2014-02-03,3.1061,,,,
2014-02-02,3.1394,,,,
2014-02-01,3.1321,,,,
2014-01-31,3.1062,,,,
2014-01-30,3.0753,,,,
2014-01-29,3.0710,,,,
2014-01-28,3.0712,,,,
2014-01-27,3.0364,,,,
2014-01-26,3.0681,,,,
2014-01-25,3.0618,,,,
2014-01-24,3.0616,,,,
2014-01-23,3.0704,,,,
2014-01-22,3.0706,,,,
2014-01-21,3.0696,,,,
2014-01-20,3.0276,,,,
2014-01-19,3.0744,,,,
2014-01-18,3.0636,,,,
2014-01-17,3.0566,,,,
2014-01-16,3.0448,,,,
2014-01-15,3.0341,,,,
2014-01-14,3.0369,,,,
2014-01-13,3.0335,,,,
2014-01-12,3.0340,,,,
2014-01-11,3.0587,,,,
2014-01-10,3.0716,,,,
2014-01-09,3.0693,,,,
2014-01-08,3.0640,,,,
2014-01-07,3.0646,,,,
2014-01-06,3.0670,,,,
2014-01-05,3.0674,,,,
2014-01-04,3.0548,,,,
2014-01-03,3.0333,,,,
2014-01-02,3.0186,,,,
2014-01-01,3.0094,,,,
2013-12-31,3.0112,,,,
2013-12-30,3.0163,,,,
2013-12-29,3.0167,,,,
2013-12-28,3.0105,,,,
2013-12-27,3.0244,,,,
2013-12-26,3.0212,,,,
2013-12-25,3.0325,,,,
2013-12-24,3.0374,,,,
2013-12-23,2.9992,,,,
2013-12-22,3.0408,,,,
2013-12-21,3.0457,,,,
2013-12-20,3.0474,,,,
2013-12-19,3.0361,,,,
2013-12-18,3.0343,,,,
2013-12-17,3.0347,,,,
2013-12-16,3.0367,,,,
2013-12-15,3.0257,,,,
2013-12-14,3.0413,,,,
2013-12-13,3.0354,,,,
2013-12-12,3.0347,,,,
2013-12-11,3.0389,,,,
2013-12-10,3.0500,,,,
2013-12-09,3.0511,,,,
2013-12-08,3.0538,,,,
2013-12-07,3.0619,,,,
2013-12-06,3.0799,,,,
2013-12-05,3.0914,,,,
2013-12-04,3.0966,,,,
2013-12-03,3.0941,,,,
2013-12-02,3.0923,,,,
2013-12-01,3.0924,,,,
2013-11-30,3.0863,,,,
2013-11-29,3.0900,,,,
2013-11-28,3.0941,,,,
2013-11-27,3.0988,,,,
2013-11-26,3.0995,,,,
2013-11-25,3.0950,,,,
2013-11-24,3.0932,,,,
2013-11-23,3.1053,,,,
2013-11-22,3.1172,,,,
2013-11-21,3.0967,,,,
2013-11-20,3.0895,,,,
2013-11-19,3.0941,,,,
2013-11-18,3.1018,,,,
2013-11-17,3.1010,,,,
2013-11-16,3.1085,,,,
2013-11-15,3.1129,,,,
2013-11-14,3.1266,,,,
2013-11-13,3.1378,,,,
2013-11-12,3.1353,,,,
2013-11-11,3.1277,,,,
2013-11-10,3.1261,,,,
2013-11-09,3.1266,,,,
2013-11-08,3.0991,,,,
2013-11-07,3.0918,,,,
2013-11-06,3.0985,,,,
2013-11-05,3.0977,,,,
2013-11-04,3.1122,,,,
2013-11-03,3.1107,,,,
2013-11-02,3.0920,,,,
2013-11-01,3.0571,,,,
2013-10-31,3.0408,,,,
2013-10-30,3.0375,,,,
2013-10-29,3.0285,,,,
2013-10-28,2.9839,,,,
2013-10-27,3.0251,,,,
2013-10-26,3.0289,,,,
2013-10-25,3.0301,,,,
2013-10-24,3.0296,,,,
2013-10-23,3.0421,,,,
2013-10-22,3.0538,,,,
2013-10-21,3.0464,,,,
2013-10-20,3.0472,,,,
2013-10-19,3.0486,,,,
2013-10-18,3.0623,,,,
2013-10-17,3.0825,,,,
2013-10-16,3.0870,,,,
2013-10-15,3.0851,,,,
2013-10-14,3.0942,,,,
2013-10-13,3.0930,,,,
2013-10-12,3.0902,,,,
2013-10-11,3.1001,,,,
2013-10-10,3.0981,,,,
2013-10-09,3.0879,,,,
2013-10-08,3.0936,,,,
2013-10-07,3.0539,,,,
2013-10-06,3.0963,,,,
2013-10-05,3.0880,,,,
2013-10-04,3.0902,,,,
2013-10-03,3.1128,,,,
2013-10-02,3.1166,,,,
2013-10-01,3.1237,,,,
2013-09-30,3.1022,,,,
2013-09-29,3.1161,,,,
2013-09-28,3.1286,,,,
2013-09-27,3.1268,,,,
2013-09-26,3.1219,,,,
2013-09-25,3.1294,,,,
2013-09-24,3.1252,,,,
2013-09-23,3.1119,,,,
2013-09-22,3.1152,,,,
2013-09-21,3.1123,,,,
2013-09-20,3.0860,,,,
2013-09-19,3.1507,,,,
2013-09-18,3.1524,,,,
2013-09-17,3.1414,,,,
2013-09-16,3.1597,,,,
2013-09-15,3.1557,,,,
2013-09-14,3.1685,,,,
2013-09-13,3.1661,,,,
2013-09-12,3.1870,,,,
2013-09-11,3.2112,,,,
2013-09-10,3.2352,,,,
2013-09-09,3.2421,,,,
2013-09-08,3.2470,,,,
2013-09-07,3.2511,,,,
2013-09-06,3.2511,,,,
2013-09-05,3.2393,,,,
2013-09-04,3.2354,,,,
2013-09-03,3.2247,,,,
2013-09-02,3.2281,,,,
2013-09-01,3.2272,,,,
2013-08-31,3.2264,,,,
2013-08-30,3.2216,,,,
2013-08-29,3.1916,,,,
2013-08-28,3.1719,,,,
2013-08-27,3.1597,,,,
2013-08-26,3.1099,,,,
2013-08-25,3.1546,,,,
2013-08-24,3.1689,,,,
2013-08-23,3.1819,,,,
2013-08-22,3.1607,,,,
2013-08-21,3.1685,,,,
2013-08-20,3.1789,,,,
2013-08-19,3.1254,,,,
2013-08-18,3.1761,,,,
2013-08-17,3.1673,,,,
2013-08-16,3.1701,,,,
2013-08-15,3.1663,,,,
2013-08-14,3.1551,,,,
2013-08-13,3.1457,,,,
2013-08-12,3.1370,,,,
2013-08-11,3.1356,,,,
2013-08-10,3.1319,,,,
2013-08-09,3.1442,,,,
2013-08-08,3.1627,,,,
2013-08-07,3.1692,,,,
2013-08-06,3.1815,,,,
2013-08-05,3.1870,,,,
2013-08-04,3.1666,,,,
2013-08-03,3.2093,,,,
2013-08-02,3.2042,,,,
2013-08-01,3.1931,,,,
2013-07-31,3.1779,,,,
2013-07-30,3.1797,,,,
2013-07-29,3.1810,,,,
2013-07-28,3.1571,,,,
2013-07-27,3.1839,,,,
2013-07-26,3.2036,,,,
2013-07-25,3.1846,,,,
2013-07-24,3.1899,,,,
2013-07-23,3.2064,,,,
2013-07-22,3.2155,,,,
2013-07-21,3.1956,,,,
2013-07-20,3.2283,,,,
2013-07-19,3.2375,,,,
2013-07-18,3.2359,,,,
2013-07-17,3.2579,,,,
2013-07-16,3.2855,,,,
2013-07-15,3.2714,,,,
2013-07-14,3.2724,,,,
2013-07-13,3.2989,,,,
2013-07-12,3.3057,,,,
2013-07-11,3.3742,,,,
2013-07-10,3.3594,,,,
2013-07-09,3.3514,,,,
2013-07-08,3.3521,,,,
2013-07-07,3.3176,,,,
2013-07-06,3.3278,,,,
2013-07-05,3.3091,,,,
2013-07-04,3.3352,,,,
2013-07-03,3.3211,,,,
2013-07-02,3.3189,,,,
2013-07-01,3.2826,,,,
2013-06-30,3.3232,,,,
2013-06-29,3.3148,,,,
2013-06-28,3.3235,,,,
2013-06-27,3.3211,,,,
2013-06-26,3.2973,,,,
2013-06-25,3.3104,,,,
2013-06-24,3.2445,,,,
2013-06-23,3.3119,,,,
2013-06-22,3.2843,,,,
2013-06-21,3.2568,,,,
2013-06-20,3.1839,,,,
2013-06-19,3.1718,,,,
2013-06-18,3.1721,,,,
2013-06-17,3.1705,,,,
2013-06-16,3.1593,,,,
2013-06-15,3.1674,,,,
2013-06-14,3.1842,,,,
2013-06-13,3.1999,,,,
2013-06-12,3.2186,,,,
2013-06-11,3.2154,,,,
2013-06-10,3.2043,,,,
2013-06-09,3.2076,,,,
2013-06-08,3.2328,,,,
2013-06-07,3.2637,,,,
2013-06-06,3.2489,,,,
2013-06-05,3.2456,,,,
2013-06-04,3.2762,,,,
2013-06-03,3.2624,,,,
2013-06-02,3.2843,,,,
2013-06-01,3.2868,,,,
2013-05-31,3.2751,,,,
2013-05-30,3.2725,,,,
2013-05-29,3.2466,,,,
2013-05-28,3.2430,,,,
2013-05-27,3.2441,,,,
2013-05-26,3.2428,,,,
2013-05-25,3.2441,,,,
2013-05-24,3.2550,,,,
2013-05-23,3.2369,,,,
2013-05-22,3.2452,,,,
2013-05-21,3.2464,,,,
2013-05-20,3.1959,,,,
2013-05-19,3.2295,,,,
2013-05-18,3.2462,,,,
2013-05-17,3.2462,,,,
2013-05-16,3.2342,,,,
2013-05-15,3.2050,,,,
2013-05-14,3.2001,,,,
2013-05-13,3.1968,,,,
2013-05-12,3.1892,,,,
2013-05-11,3.1769,,,,
2013-05-10,3.1423,,,,
2013-05-09,3.1520,,,,
2013-05-08,3.1685,,,,
2013-05-07,3.1627,,,,
2013-05-06,3.1639,,,,
2013-05-05,3.1551,,,,
2013-05-04,3.1587,,,,
2013-05-03,3.1600,,,,
2013-05-02,3.1563,,,,
2013-05-01,3.1613,,,,
2013-04-30,3.1708,,,,
2013-04-29,3.1879,,,,
2013-04-28,3.1887,,,,
2013-04-27,3.1909,,,,
2013-04-26,3.1824,,,,
2013-04-25,3.1845,,,,
2013-04-24,3.1645,,,,
2013-04-23,3.1422,,,,
2013-04-22,3.1427,,,,
2013-04-21,3.1425,,,,
2013-04-20,3.1420,,,,
2013-04-19,3.1515,,,,
2013-04-18,3.1294,,,,
2013-04-17,3.1371,,,,
2013-04-16,3.1390,,,,
2013-04-15,3.1269,,,,
2013-04-14,3.1224,,,,
2013-04-13,3.1369,,,,
2013-04-12,3.1335,,,,
2013-04-11,3.1402,,,,
2013-04-10,3.1567,,,,
2013-04-09,3.1847,,,,
2013-04-08,3.2153,,,,
2013-04-07,3.2335,,,,
2013-04-06,3.2188,,,,
2013-04-05,3.2599,,,,
2013-04-04,3.2653,,,,
2013-04-03,3.2545,,,,
2013-04-02,3.2570,,,,
2013-04-01,3.2157,,,,
2013-03-31,3.2127,,,,
2013-03-30,3.2566,,,,
2013-03-29,3.2644,,,,
2013-03-28,3.2594,,,,
2013-03-27,3.2420,,,,
2013-03-26,3.2128,,,,
2013-03-25,3.2206,,,,
2013-03-24,3.2117,,,,
2013-03-23,3.2334,,,,
2013-03-22,3.2325,,,,
2013-03-21,3.2244,,,,
2013-03-20,3.2098,,,,
2013-03-19,3.2100,,,,
2013-03-18,3.1693,,,,
2013-03-17,3.1691,,,,
2013-03-16,3.1822,,,,
2013-03-15,3.1954,,,,
2013-03-14,3.1818,,,,
2013-03-13,3.1783,,,,
2013-03-12,3.1806,,,,
2013-03-11,3.1783,,,,
2013-03-10,3.1756,,,,
2013-03-09,3.1691,,,,
2013-03-08,3.1809,,,,
2013-03-07,3.1698,,,,
2013-03-06,3.1685,,,,
2013-03-05,3.1778,,,,
2013-03-04,3.1715,,,,
2013-03-03,3.1713,,,,
2013-03-02,3.1753,,,,
2013-03-01,3.1654,,,,
2013-02-28,3.1796,,,,
2013-02-27,3.1837,,,,
2013-02-26,3.1466,,,,
2013-02-25,3.1545,,,,
2013-02-24,3.1540,,,,
2013-02-23,3.1527,,,,
2013-02-22,3.1486,,,,
2013-02-21,3.1099,,,,
2013-02-20,3.1268,,,,
2013-02-19,3.1358,,,,
2013-02-18,3.1350,,,,
2013-02-17,3.1324,,,,
2013-02-16,3.1301,,,,
2013-02-15,3.1113,,,,
2013-02-14,3.0894,,,,
2013-02-13,3.1027,,,,
2013-02-12,3.1002,,,,
2013-02-11,3.1046,,,,
2013-02-10,3.1024,,,,
2013-02-09,3.1067,,,,
2013-02-08,3.0955,,,,
2013-02-07,3.0838,,,,
2013-02-06,3.0854,,,,
2013-02-05,3.0653,,,,
2013-02-04,3.0533,,,,
2013-02-03,3.0492,,,,
2013-02-02,3.0682,,,,
2013-02-01,3.0925,,,,
2013-01-31,3.0963,,,,
2013-01-30,3.1198,,,,
2013-01-29,3.1089,,,,
2013-01-28,3.0539,,,,
2013-01-27,3.0902,,,,
2013-01-26,3.1140,,,,
2013-01-25,3.1330,,,,
2013-01-24,3.1291,,,,
2013-01-23,3.1285,,,,
2013-01-22,3.1243,,,,
2013-01-21,3.0829,,,,
2013-01-20,3.1164,,,,
2013-01-19,3.0922,,,,
2013-01-18,3.0873,,,,
2013-01-17,3.0979,,,,
2013-01-16,3.0796,,,,
2013-01-15,3.0765,,,,
2013-01-14,3.0780,,,,
2013-01-13,3.0771,,,,
2013-01-12,3.0812,,,,
2013-01-11,3.1087,,,,
2013-01-10,3.1371,,,,
2013-01-09,3.1429,,,,
2013-01-08,3.1513,,,,
2013-01-07,3.1472,,,,
2013-01-06,3.1447,,,,
2013-01-05,3.1480,,,,
2013-01-04,3.1052,,,,
2013-01-03,3.0727,,,,
2013-01-02,3.0865,,,,
2013-01-01,3.0863,,,,
2012-12-31,3.0762,,,,
2012-12-30,3.0799,,,,
2012-12-29,3.0795,,,,
2012-12-28,3.0842,,,,
2012-12-27,3.0954,,,,
2012-12-26,3.0958,,,,
2012-12-25,3.0894,,,,
2012-12-24,3.0911,,,,
2012-12-23,3.0909,,,,
2012-12-22,3.0796,,,,
2012-12-21,3.0734,,,,
2012-12-20,3.0721,,,,
2012-12-19,3.0983,,,,
2012-12-18,3.1022,,,,
2012-12-17,3.0990,,,,
2012-12-16,3.0976,,,,
2012-12-15,3.1206,,,,
2012-12-14,3.1293,,,,
2012-12-13,3.1376,,,,
2012-12-12,3.1575,,,,
2012-12-11,3.1868,,,,
2012-12-10,3.1459,,,,
2012-12-09,3.1867,,,,
2012-12-08,3.1887,,,,
2012-12-07,3.1638,,,,
2012-12-06,3.1503,,,,
2012-12-05,3.1587,,,,
2012-12-04,3.1534,,,,
2012-12-03,3.1593,,,,
2012-12-02,3.1559,,,,
2012-12-01,3.1511,,,,
2012-11-30,3.1584,,,,
2012-11-29,3.1733,,,,
2012-11-28,3.1597,,,,
2012-11-27,3.1670,,,,
2012-11-26,3.1249,,,,
2012-11-25,3.1465,,,,
2012-11-24,3.1824,,,,
2012-11-23,3.1963,,,,
2012-11-22,3.2167,,,,
2012-11-21,3.2239,,,,
2012-11-20,3.2449,,,,
2012-11-19,3.2645,,,,
2012-11-18,3.2645,,,,
2012-11-17,3.2611,,,,
2012-11-16,3.2638,,,,
2012-11-15,3.2794,,,,
2012-11-14,3.2872,,,,
2012-11-13,3.2712,,,,
2012-11-12,3.2481,,,,
2012-11-11,3.2710,,,,
2012-11-10,3.2691,,,,
2012-11-09,3.2569,,,,
2012-11-08,3.2185,,,,
2012-11-07,3.2155,,,,
2012-11-06,3.2120,,,,
2012-11-05,3.2000,,,,
2012-11-04,3.1973,,,,
2012-11-03,3.1908,,,,
2012-11-02,3.1879,,,,
2012-11-01,3.1841,,,,
2012-10-31,3.1993,,,,
2012-10-30,3.2072,,,,
2012-10-29,3.1936,,,,
2012-10-28,3.1924,,,,
2012-10-27,3.2060,,,,
2012-10-26,3.1966,,,,
2012-10-25,3.1905,,,,
2012-10-24,3.1634,,,,
2012-10-23,3.1452,,,,
2012-10-22,3.1054,,,,
2012-10-21,3.1263,,,,
2012-10-20,3.1330,,,,
2012-10-19,3.1277,,,,
2012-10-18,3.1216,,,,
2012-10-17,3.1422,,,,
2012-10-16,3.1622,,,,
2012-10-15,3.1123,,,,
2012-10-14,3.1610,,,,
2012-10-13,3.1608,,,,
2012-10-12,3.1741,,,,
2012-10-11,3.1700,,,,
2012-10-10,3.1456,,,,
2012-10-09,3.1364,,,,
2012-10-08,3.1003,,,,
2012-10-07,3.1275,,,,
2012-10-06,3.1307,,,,
2012-10-05,3.1517,,,,
2012-10-04,3.1780,,,,
2012-10-03,3.1780,,,,
2012-10-02,3.1903,,,,
2012-10-01,3.2016,,,,
2012-09-30,3.1994,,,,
2012-09-29,3.1886,,,,
2012-09-28,3.2140,,,,
2012-09-27,3.2189,,,,
2012-09-26,3.2018,,,,
2012-09-25,3.2021,,,,
2012-09-24,3.1330,,,,
2012-09-23,3.1739,,,,
2012-09-22,3.1841,,,,
2012-09-21,3.1974,,,,
2012-09-20,3.1602,,,,
2012-09-19,3.1426,,,,
2012-09-18,3.1116,,,,
2012-09-17,3.0400,,,,
2012-09-16,3.0877,,,,
2012-09-15,3.1111,,,,
2012-09-14,3.1683,,,,
2012-09-13,3.1707,,,,
2012-09-12,3.2026,,,,
2012-09-11,3.2101,,,,
2012-09-10,3.1958,,,,
2012-09-09,3.1971,,,,
2012-09-08,3.2416,,,,
2012-09-07,3.2958,,,,
2012-09-06,3.3371,,,,
2012-09-05,3.3278,,,,
2012-09-04,3.3238,,,,
2012-09-03,3.2671,,,,
2012-09-02,3.3046,,,,
2012-09-01,3.3353,,,,
2012-08-31,3.3388,,,,
2012-08-30,3.2960,,,,
2012-08-29,3.2699,,,,
2012-08-28,3.2608,,,,
2012-08-27,3.2253,,,,
2012-08-26,3.2534,,,,
2012-08-25,3.2624,,,,
2012-08-24,3.2593,,,,
2012-08-23,3.2495,,,,
2012-08-22,3.2664,,,,
2012-08-21,3.2884,,,,
2012-08-20,3.2966,,,,
2012-08-19,3.2984,,,,
2012-08-18,3.2985,,,,
2012-08-17,3.2794,,,,
2012-08-16,3.3208,,,,
2012-08-15,3.3085,,,,
2012-08-14,3.3125,,,,
2012-08-13,3.3163,,,,
2012-08-12,3.3128,,,,
2012-08-11,3.3162,,,,
2012-08-10,3.2839,,,,
2012-08-09,3.2937,,,,
2012-08-08,3.2644,,,,
2012-08-07,3.2677,,,,
2012-08-06,3.2410,,,,
2012-08-05,3.2705,,,,
2012-08-04,3.3385,,,,
2012-08-03,3.3593,,,,
2012-08-02,3.3397,,,,
2012-08-01,3.3463,,,,
2012-07-31,3.3567,,,,
2012-07-30,3.3234,,,,
2012-07-29,3.3481,,,,
2012-07-28,3.3578,,,,
2012-07-27,3.4102,,,,
2012-07-26,3.4703,,,,
2012-07-25,3.4751,,,,
2012-07-24,3.4516,,,,
2012-07-23,3.3672,,,,
2012-07-22,3.4099,,,,
2012-07-21,3.3984,,,,
2012-07-20,3.3850,,,,
2012-07-19,3.3943,,,,
2012-07-18,3.4013,,,,
2012-07-17,3.4224,,,,
2012-07-16,3.3805,,,,
2012-07-15,3.3970,,,,
2012-07-14,3.4396,,,,
2012-07-13,3.4318,,,,
2012-07-12,3.4080,,,,
2012-07-11,3.4198,,,,
2012-07-10,3.4451,,,,
2012-07-09,3.3693,,,,
2012-07-08,3.3923,,,,
2012-07-07,3.4164,,,,
2012-07-06,3.3781,,,,
2012-07-05,3.3422,,,,
2012-07-04,3.3389,,,,
2012-07-03,3.3429,,,,
2012-07-02,3.3315,,,,
2012-07-01,3.3287,,,,
2012-06-30,3.4426,,,,
2012-06-29,3.4280,,,,
2012-06-28,3.4033,,,,
2012-06-27,3.4016,,,,
2012-06-26,3.4068,,,,
2012-06-25,3.3720,,,,
2012-06-24,3.3440,,,,
2012-06-23,3.4063,,,,
2012-06-22,3.3611,,,,
2012-06-21,3.3416,,,,
2012-06-20,3.3710,,,,
2012-06-19,3.3649,,,,
2012-06-18,3.3595,,,,
2012-06-17,3.3569,,,,
2012-06-16,3.3872,,,,
2012-06-15,3.4230,,,,
2012-06-14,3.4442,,,,
2012-06-13,3.4694,,,,
2012-06-12,3.4102,,,,
2012-06-11,3.3787,,,,
2012-06-10,3.4017,,,,
2012-06-09,3.4272,,,,
2012-06-08,3.4096,,,,
2012-06-07,3.4756,,,,
2012-06-06,3.5140,,,,
2012-06-05,3.5356,,,,
2012-06-04,3.5049,,,,
2012-06-03,3.5443,,,,
2012-06-02,3.5590,,,,
2012-06-01,3.5445,,,,
2012-05-31,3.5144,,,,
2012-05-30,3.4710,,,,
2012-05-29,3.4571,,,,
2012-05-28,3.4466,,,,
2012-05-27,3.4844,,,,
2012-05-26,3.4734,,,,
2012-05-25,3.4674,,,,
2012-05-24,3.4518,,,,
2012-05-23,3.3858,,,,
2012-05-22,3.3891,,,,
2012-05-21,3.4001,,,,
2012-05-20,3.3967,,,,
2012-05-19,3.4273,,,,
2012-05-18,3.4195,,,,
2012-05-17,3.4256,,,,
2012-05-16,3.3818,,,,
2012-05-15,3.3295,,,,
2012-05-14,3.2671,,,,
2012-05-13,3.2955,,,,
2012-05-12,3.2778,,,,
2012-05-11,3.2686,,,,
2012-05-10,3.2504,,,,
2012-05-09,3.2159,,,,
2012-05-08,3.2211,,,,
2012-05-07,3.1447,,,,
2012-05-06,3.1637,,,,
2012-05-05,3.1863,,,,
2012-05-04,3.1687,,,,
2012-05-03,3.1530,,,,
2012-05-02,3.1452,,,,
2012-05-01,3.1490,,,,
2012-04-30,3.1484,,,,
2012-04-29,3.1486,,,,
2012-04-28,3.1586,,,,
2012-04-27,3.1564,,,,
2012-04-26,3.1765,,,,
2012-04-25,3.1900,,,,
2012-04-24,3.1734,,,,
2012-04-23,3.1682,,,,
2012-04-22,3.1676,,,,
2012-04-21,3.1773,,,,
2012-04-20,3.1879,,,,
2012-04-19,3.1832,,,,
2012-04-18,3.1851,,,,
2012-04-17,3.2081,,,,
2012-04-16,3.1463,,,,
2012-04-15,3.1877,,,,
2012-04-14,3.1776,,,,
2012-04-13,3.1771,,,,
2012-04-12,3.1981,,,,
2012-04-11,3.1891,,,,
2012-04-10,3.1858,,,,
2012-04-09,3.1779,,,,
2012-04-08,3.1730,,,,
2012-04-07,3.1769,,,,
2012-04-06,3.1700,,,,
2012-04-05,3.1436,,,,
2012-04-04,3.1021,,,,
2012-04-03,3.1020,,,,
2012-04-02,3.1108,,,,
2012-04-01,3.1085,,,,
2012-03-31,3.1127,,,,
2012-03-30,3.1271,,,,
2012-03-29,3.1141,,,,
2012-03-28,3.0960,,,,
2012-03-27,3.1152,,,,
2012-03-26,3.0934,,,,
2012-03-25,3.1131,,,,
2012-03-24,3.1427,,,,
2012-03-23,3.1480,,,,
2012-03-22,3.1212,,,,
2012-03-21,3.1131,,,,
2012-03-20,3.1210,,,,
2012-03-19,3.1264,,,,
2012-03-18,3.1261,,,,
2012-03-17,3.1432,,,,
2012-03-16,3.1707,,,,
2012-03-15,3.1654,,,,
2012-03-14,3.1311,,,,
2012-03-13,3.1256,,,,
2012-03-12,3.1154,,,,
2012-03-11,3.1154,,,,
2012-03-10,3.1030,,,,
2012-03-09,3.1260,,,,
2012-03-08,3.1681,,,,
2012-03-07,3.1502,,,,
2012-03-06,3.1191,,,,
2012-03-05,3.0908,,,,
2012-03-04,3.0926,,,,
2012-03-03,3.0951,,,,
2012-03-02,3.0872,,,,
2012-03-01,3.0693,,,,
2012-02-29,3.0893,,,,
2012-02-28,3.1050,,,,
2012-02-27,3.0953,,,,
2012-02-26,3.0948,,,,
2012-02-25,3.1065,,,,
2012-02-24,3.1474,,,,
2012-02-23,3.1586,,,,
2012-02-22,3.1505,,,,
2012-02-21,3.1503,,,,
2012-02-20,3.1535,,,,
2012-02-19,3.1805,,,,
2012-02-18,3.1854,,,,
2012-02-17,3.2291,,,,
2012-02-16,3.1861,,,,
2012-02-15,3.1796,,,,
2012-02-14,3.1680,,,,
2012-02-13,3.1756,,,,
2012-02-12,3.1959,,,,
2012-02-11,3.1786,,,,
2012-02-10,3.1538,,,,
2012-02-09,3.1417,,,,
2012-02-08,3.1683,,,,
2012-02-07,3.1864,,,,
2012-02-06,3.1841,,,,
2012-02-05,3.1739,,,,
2012-02-04,3.1827,,,,
2012-02-03,3.1837,,,,
2012-02-02,3.2058,,,,
2012-02-01,3.2196,,,,
2012-01-31,3.2257,,,,
2012-01-30,3.2015,,,,
2012-01-29,3.1986,,,,
2012-01-28,3.2195,,,,
2012-01-27,3.2329,,,,
2012-01-26,3.2807,,,,
2012-01-25,3.2864,,,,
2012-01-24,3.3151,,,,
2012-01-23,3.2857,,,,
2012-01-22,3.3136,,,,
2012-01-21,3.3292,,,,
2012-01-20,3.3580,,,,
2012-01-19,3.3979,,,,
2012-01-18,3.4374,,,,
2012-01-17,3.4796,,,,
2012-01-16,3.4794,,,,
2012-01-15,3.4754,,,,
2012-01-14,3.4511,,,,
2012-01-13,3.4796,,,,
2012-01-12,3.5002,,,,
2012-01-11,3.5002,,,,
2012-01-10,3.5251,,,,
2012-01-09,3.5304,,,,
2012-01-08,3.5334,,,,
2012-01-07,3.5200,,,,
2012-01-06,3.4981,,,,
2012-01-05,3.4428,,,,
2012-01-04,3.4289,,,,
2012-01-03,3.4450,,,,
2012-01-02,3.3998,,,,
2012-01-01,3.4014,,,,
2011-12-31,3.4221,,,,
2011-12-30,3.4102,,,,
2011-12-29,3.3713,,,,
2011-12-28,3.3764,,,,
2011-12-27,3.3951,,,,
2011-12-26,3.4054,,,,
2011-12-25,3.4040,,,,
2011-12-24,3.3956,,,,
2011-12-23,3.4019,,,,
2011-12-22,3.3963,,,,
2011-12-21,3.4234,,,,
2011-12-20,3.4489,,,,
2011-12-19,3.4394,,,,
2011-12-18,3.4388,,,,
2011-12-17,3.4590,,,,
2011-12-16,3.4908,,,,
2011-12-15,3.5107,,,,
2011-12-14,3.4617,,,,
2011-12-13,3.4089,,,,
2011-12-12,3.3259,,,,
2011-12-11,3.3572,,,,
2011-12-10,3.3773,,,,
2011-12-09,3.3454,,,,
2011-12-08,3.3297,,,,
2011-12-07,3.3343,,,,
2011-12-06,3.3291,,,,
2011-12-05,3.2980,,,,
2011-12-04,3.3223,,,,
2011-12-03,3.3304,,,,
2011-12-02,3.3372,,,,
2011-12-01,3.3817,,,,
2011-11-30,3.3902,,,,
2011-11-29,3.3911,,,,
2011-11-28,3.3935,,,,
2011-11-27,3.4268,,,,
2011-11-26,3.3999,,,,
2011-11-25,3.3594,,,,
2011-11-24,3.3318,,,,
2011-11-23,3.2993,,,,
2011-11-22,3.2877,,,,
2011-11-21,3.2705,,,,
2011-11-20,3.2715,,,,
2011-11-19,3.2757,,,,
2011-11-18,3.2930,,,,
2011-11-17,3.2827,,,,
2011-11-16,3.2504,,,,
2011-11-15,3.2043,,,,
2011-11-14,3.1857,,,,
2011-11-13,3.1870,,,,
2011-11-12,3.2240,,,,
2011-11-11,3.2412,,,,
2011-11-10,3.1878,,,,
2011-11-09,3.1623,,,,
2011-11-08,3.1696,,,,
2011-11-07,3.1683,,,,
2011-11-06,3.1662,,,,
2011-11-05,3.1313,,,,
2011-11-04,3.1781,,,,
2011-11-03,3.2071,,,,
2011-11-02,3.2138,,,,
2011-11-01,3.0976,,,,
2011-10-31,3.0587,,,,
2011-10-30,3.0586,,,,
2011-10-29,3.0411,,,,
2011-10-28,3.0866,,,,
2011-10-27,3.1419,,,,
2011-10-26,3.1364,,,,
2011-10-25,3.1497,,,,
2011-10-24,3.1625,,,,
2011-10-23,3.1615,,,,
2011-10-22,3.1833,,,,
2011-10-21,3.1758,,,,
2011-10-20,3.1493,,,,
2011-10-19,3.1687,,,,
2011-10-18,3.1150,,,,
2011-10-17,3.0605,,,,
2011-10-16,3.0988,,,,
2011-10-15,3.1126,,,,
2011-10-14,3.1149,,,,
2011-10-13,3.1341,,,,
2011-10-12,3.1654,,,,
2011-10-11,3.2010,,,,
2011-10-10,3.2654,,,,
2011-10-09,3.2683,,,,
2011-10-08,3.2557,,,,
2011-10-07,3.2757,,,,
2011-10-06,3.2946,,,,
2011-10-05,3.3311,,,,
2011-10-04,3.3132,,,,
2011-10-03,3.3109,,,,
2011-10-02,3.2981,,,,
2011-10-01,3.2734,,,,
2011-09-30,3.2474,,,,
2011-09-29,3.2334,,,,
2011-09-28,3.2384,,,,
2011-09-27,3.2651,,,,
2011-09-26,3.2557,,,,
2011-09-25,3.2459,,,,
2011-09-24,3.3061,,,,
2011-09-23,3.3079,,,,
2011-09-22,3.2103,,,,
2011-09-21,3.1968,,,,
2011-09-20,3.1757,,,,
2011-09-19,3.1190,,,,
2011-09-18,3.1153,,,,
2011-09-17,3.1207,,,,
2011-09-16,3.1638,,,,
2011-09-15,3.1773,,,,
2011-09-14,3.1673,,,,
2011-09-13,3.1668,,,,
2011-09-12,3.1444,,,,
2011-09-11,3.1387,,,,
2011-09-10,3.0978,,,,
2011-09-09,3.0120,,,,
2011-09-08,3.0019,,,,
2011-09-07,3.0026,,,,
2011-09-06,2.9729,,,,
2011-09-05,2.9412,,,,
2011-09-04,2.9403,,,,
2011-09-03,2.9240,,,,
2011-09-02,2.8906,,,,
2011-09-01,2.8733,,,,
2011-08-31,2.8667,,,,
2011-08-30,2.8625,,,,
2011-08-29,2.8728,,,,
2011-08-28,2.8624,,,,
2011-08-27,2.8855,,,,
2011-08-26,2.8863,,,,
2011-08-25,2.8773,,,,
2011-08-24,2.8822,,,,
2011-08-23,2.9016,,,,
2011-08-22,2.9035,,,,
2011-08-21,2.8936,,,,
2011-08-20,2.9149,,,,
2011-08-19,2.8889,,,,
2011-08-18,2.8700,,,,
2011-08-17,2.8754,,,,
2011-08-16,2.8889,,,,
2011-08-15,2.9137,,,,
2011-08-14,2.9120,,,,
2011-08-13,2.9135,,,,
2011-08-12,2.9412,,,,
2011-08-11,2.8705,,,,
2011-08-10,2.8709,,,,
2011-08-09,2.8386,,,,
2011-08-08,2.8527,,,,
2011-08-07,2.8361,,,,
2011-08-06,2.8502,,,,
2011-08-05,2.8275,,,,
2011-08-04,2.8245,,,,
2011-08-03,2.8185,,,,
2011-08-02,2.7799,,,,
2011-08-01,2.7786,,,,
2011-07-31,2.7756,,,,
2011-07-30,2.7950,,,,
2011-07-29,2.7987,,,,
2011-07-28,2.7693,,,,
2011-07-27,2.7644,,,,
2011-07-26,2.7793,,,,
2011-07-25,2.7577,,,,
2011-07-24,2.7736,,,,
2011-07-23,2.7657,,,,
2011-07-22,2.7918,,,,
2011-07-21,2.8199,,,,
2011-07-20,2.8449,,,,
2011-07-19,2.8636,,,,
2011-07-18,2.8374,,,,
2011-07-17,2.8335,,,,
2011-07-16,2.8447,,,,
2011-07-15,2.8319,,,,
2011-07-14,2.8635,,,,
2011-07-13,2.8746,,,,
2011-07-12,2.8077,,,,
2011-07-11,2.7717,,,,
2011-07-10,2.7662,,,,
2011-07-09,2.7529,,,,
2011-07-08,2.7524,,,,
2011-07-07,2.7468,,,,
2011-07-06,2.7218,,,,
2011-07-05,2.7099,,,,
2011-07-04,2.7023,,,,
2011-07-03,2.7058,,,,
2011-07-02,2.7306,,,,
2011-07-01,2.7400,,,,
2011-06-30,2.7597,,,,
2011-06-29,2.7900,,,,
2011-06-28,2.7895,,,,
2011-06-27,2.8208,,,,
2011-06-26,2.7870,,,,
2011-06-25,2.8004,,,,
2011-06-24,2.7997,,,,
2011-06-23,2.7663,,,,
2011-06-22,2.7710,,,,
2011-06-21,2.7908,,,,
2011-06-20,2.7789,,,,
2011-06-19,2.7749,,,,
2011-06-18,2.7928,,,,
2011-06-17,2.7993,,,,
2011-06-16,2.7458,,,,
2011-06-15,2.7203,,,,
2011-06-14,2.7359,,,,
2011-06-13,2.7434,,,,
2011-06-12,2.7364,,,,
2011-06-11,2.7231,,,,
2011-06-10,2.7149,,,,
2011-06-09,2.6803,,,,
2011-06-08,2.6968,,,,
2011-06-07,2.7054,,,,
2011-06-06,2.7020,,,,
2011-06-05,2.7004,,,,
2011-06-04,2.7201,,,,
2011-06-03,2.7505,,,,
2011-06-02,2.7435,,,,
2011-06-01,2.7542,,,,
2011-05-31,2.7792,,,,
2011-05-30,2.7789,,,,
2011-05-29,2.7731,,,,
2011-05-28,2.7928,,,,
2011-05-27,2.8058,,,,
2011-05-26,2.8109,,,,
2011-05-25,2.8022,,,,
2011-05-24,2.7998,,,,
2011-05-23,2.7740,,,,
2011-05-22,2.7452,,,,
2011-05-21,2.7430,,,,
2011-05-20,2.7436,,,,
2011-05-19,2.7504,,,,
2011-05-18,2.7698,,,,
2011-05-17,2.7812,,,,
2011-05-16,2.7871,,,,
2011-05-15,2.7879,,,,
2011-05-14,2.7548,,,,
2011-05-13,2.7511,,,,
2011-05-12,2.7536,,,,
2011-05-11,2.7383,,,,
2011-05-10,2.7402,,,,
2011-05-09,2.7369,,,,
2011-05-08,2.7346,,,,
2011-05-07,2.7250,,,,
2011-05-06,2.6765,,,,
2011-05-05,2.6548,,,,
2011-05-04,2.6535,,,,
2011-05-03,2.6484,,,,
2011-05-02,2.6517,,,,
2011-05-01,2.6514,,,,
2011-04-30,2.6503,,,,
2011-04-29,2.6525,,,,
2011-04-28,2.6778,,,,
2011-04-27,2.7008,,,,
2011-04-26,2.7078,,,,
2011-04-25,2.7090,,,,
2011-04-24,2.7081,,,,
2011-04-23,2.7098,,,,
2011-04-22,2.7174,,,,
2011-04-21,2.7446,,,,
2011-04-20,2.7883,,,,
2011-04-19,2.7670,,,,
2011-04-18,2.7347,,,,
2011-04-17,2.7343,,,,
2011-04-16,2.7288,,,,
2011-04-15,2.7352,,,,
2011-04-14,2.7426,,,,
2011-04-13,2.7521,,,,
2011-04-12,2.7422,,,,
2011-04-11,2.7298,,,,
2011-04-10,2.7307,,,,
2011-04-09,2.7514,,,,
2011-04-08,2.7767,,,,
2011-04-07,2.7894,,,,
2011-04-06,2.8262,,,,
2011-04-05,2.8272,,,,
2011-04-04,2.8254,,,,
2011-04-03,2.8239,,,,
2011-04-02,2.8383,,,,
2011-04-01,2.8335,,,,
2011-03-31,2.8340,,,,
2011-03-30,2.8332,,,,
2011-03-29,2.8451,,,,
2011-03-28,2.8503,,,,
2011-03-27,2.8487,,,,
2011-03-26,2.8351,,,,
2011-03-25,2.8488,,,,
2011-03-24,2.8505,,,,
2011-03-23,2.8325,,,,
2011-03-22,2.8540,,,,
2011-03-21,2.8684,,,,
2011-03-20,2.8641,,,,
2011-03-19,2.8811,,,,
2011-03-18,2.9233,,,,
2011-03-17,2.9069,,,,
2011-03-16,2.8888,,,,
2011-03-15,2.8800,,,,
2011-03-14,2.8906,,,,
2011-03-13,2.8837,,,,
2011-03-12,2.9051,,,,
2011-03-11,2.8822,,,,
2011-03-10,2.8568,,,,
2011-03-09,2.8486,,,,
2011-03-08,2.8411,,,,
2011-03-07,2.8423,,,,
2011-03-06,2.8428,,,,
2011-03-05,2.8517,,,,
2011-03-04,2.8625,,,,
2011-03-03,2.8746,,,,
2011-03-02,2.8721,,,,
2011-03-01,2.8697,,,,
2011-02-28,2.8931,,,,
2011-02-27,2.8943,,,,
2011-02-26,2.8848,,,,
2011-02-25,2.8922,,,,
2011-02-24,2.8887,,,,
2011-02-23,2.9033,,,,
2011-02-22,2.8725,,,,
2011-02-21,2.8595,,,,
2011-02-20,2.8603,,,,
2011-02-19,2.8695,,,,
2011-02-18,2.8747,,,,
2011-02-17,2.8891,,,,
2011-02-16,2.9097,,,,
2011-02-15,2.9162,,,,
2011-02-14,2.8910,,,,
2011-02-13,2.8897,,,,
2011-02-12,2.8961,,,,
2011-02-11,2.8753,,,,
2011-02-10,2.8494,,,,
2011-02-09,2.8445,,,,
2011-02-08,2.8532,,,,
2011-02-07,2.8283,,,,
2011-02-06,2.8398,,,,
2011-02-05,2.8622,,,,
2011-02-04,2.8471,,,,
2011-02-03,2.8257,,,,
2011-02-02,2.8376,,,,
2011-02-01,2.8773,,,,
2011-01-31,2.8967,,,,
2011-01-30,2.8988,,,,
2011-01-29,2.8699,,,,
2011-01-28,2.8394,,,,
2011-01-27,2.8320,,,,
2011-01-26,2.8376,,,,
2011-01-25,2.8468,,,,
2011-01-24,2.8072,,,,
2011-01-23,2.8041,,,,
2011-01-22,2.8626,,,,
2011-01-21,2.8900,,,,
2011-01-20,2.8731,,,,
2011-01-19,2.8892,,,,
2011-01-18,2.9077,,,,
2011-01-17,2.8701,,,,
2011-01-16,2.9029,,,,
2011-01-15,2.8993,,,,
2011-01-14,2.9160,,,,
2011-01-13,2.9462,,,,
2011-01-12,2.9899,,,,
2011-01-11,3.0159,,,,
2011-01-10,3.0084,,,,
2011-01-09,3.0084,,,,
2011-01-08,2.9878,,,,
2011-01-07,2.9527,,,,
2011-01-06,2.9419,,,,
2011-01-05,2.9423,,,,
2011-01-04,2.9639,,,,
2011-01-03,2.9627,,,,
2011-01-02,2.9477,,,,
2011-01-01,2.9609,,,,
2010-12-31,2.9875,,,,
2010-12-30,3.0181,,,,
2010-12-29,3.0214,,,,
2010-12-28,3.0196,,,,
2010-12-27,3.0107,,,,
2010-12-26,3.0098,,,,
2010-12-25,3.0203,,,,
2010-12-24,3.0312,,,,
2010-12-23,3.0400,,,,
2010-12-22,3.0394,,,,
2010-12-21,3.0389,,,,
2010-12-20,3.0185,,,,
2010-12-19,3.0191,,,,
2010-12-18,3.0076,,,,
2010-12-17,3.0116,,,,
2010-12-16,2.9946,,,,
2010-12-15,2.9713,,,,
2010-12-14,3.0158,,,,
2010-12-13,3.0419,,,,
2010-12-12,3.0411,,,,
2010-12-11,3.0432,,,,
2010-12-10,3.0431,,,,
2010-12-09,3.0519,,,,
2010-12-08,3.0082,,,,
2010-12-07,3.0074,,,,
2010-12-06,2.9678,,,,
2010-12-05,2.9674,,,,
2010-12-04,2.9963,,,,
2010-12-03,3.0314,,,,
2010-12-02,3.0627,,,,
2010-12-01,3.1078,,,,
2010-11-30,3.0827,,,,
2010-11-29,3.0441,,,,
2010-11-28,3.0448,,,,
2010-11-27,3.0313,,,,
2010-11-26,2.9767,,,,
2010-11-25,2.9665,,,,
2010-11-24,2.9350,,,,
2010-11-23,2.8788,,,,
2010-11-22,2.8759,,,,
2010-11-21,2.8742,,,,
2010-11-20,2.8767,,,,
2010-11-19,2.8900,,,,
2010-11-18,2.9268,,,,
2010-11-17,2.9071,,,,
2010-11-16,2.8842,,,,
2010-11-15,2.8756,,,,
2010-11-14,2.8738,,,,
2010-11-13,2.8745,,,,
2010-11-12,2.8534,,,,
2010-11-11,2.8261,,,,
2010-11-10,2.8201,,,,
2010-11-09,2.8163,,,,
2010-11-08,2.7849,,,,
2010-11-07,2.7854,,,,
2010-11-06,2.7709,,,,
2010-11-05,2.7466,,,,
2010-11-04,2.7955,,,,
2010-11-03,2.8207,,,,
2010-11-02,2.8467,,,,
2010-11-01,2.8461,,,,
2010-10-31,2.8445,,,,
2010-10-30,2.8613,,,,
2010-10-29,2.8582,,,,
2010-10-28,2.8628,,,,
2010-10-27,2.8254,,,,
2010-10-26,2.8092,,,,
2010-10-25,2.8447,,,,
2010-10-24,2.8362,,,,
2010-10-23,2.8472,,,,
2010-10-22,2.8324,,,,
2010-10-21,2.8527,,,,
2010-10-20,2.8477,,,,
2010-10-19,2.8125,,,,
2010-10-18,2.7477,,,,
2010-10-17,2.7889,,,,
2010-10-16,2.7790,,,,
2010-10-15,2.7719,,,,
2010-10-14,2.8173,,,,
2010-10-13,2.8590,,,,
2010-10-12,2.8432,,,,
2010-10-11,2.8163,,,,
2010-10-10,2.8230,,,,
2010-10-09,2.8537,,,,
2010-10-08,2.8437,,,,
2010-10-07,2.8446,,,,
2010-10-06,2.8726,,,,
2010-10-05,2.8831,,,,
2010-10-04,2.8557,,,,
2010-10-03,2.8563,,,,
2010-10-02,2.8728,,,,
2010-10-01,2.9175,,,,